{"cameraMode":{"drawMode":0,"name":"Shaded","section":"Shading Mode"},"sceneLighting":true,"audioPlay":false,"sceneViewState":{"showFog":true,"showMaterialUpdate":false,"showSkybox":true,"showFlares":true,"showImageEffects":true,"showParticleSystems":true},"in2DMode":false,"pivot":{"x":31.477205276489259,"y":11.808402061462403,"z":-19.99777603149414},"rotation":{"x":-0.006865628995001316,"y":0.3003447651863098,"z":0.002138687763363123,"w":0.9538817405700684},"size":9.985827445983887,"orthographic":false}