{"cameraMode":{"drawMode":0,"name":"Shaded","section":"Shading Mode"},"sceneLighting":true,"audioPlay":false,"sceneViewState":{"showFog":true,"showMaterialUpdate":false,"showSkybox":true,"showFlares":true,"showImageEffects":true,"showParticleSystems":true},"in2DMode":false,"pivot":{"x":27.4879150390625,"y":5.565442085266113,"z":-18.146907806396486},"rotation":{"x":0.02482275292277336,"y":0.0764017254114151,"z":-0.0019026531372219325,"w":0.9967661499977112},"size":6.827916622161865,"orthographic":false}