{"cameraMode":{"drawMode":0,"name":"Shaded","section":"Shading Mode"},"sceneLighting":true,"audioPlay":false,"sceneViewState":{"showFog":true,"showMaterialUpdate":false,"showSkybox":true,"showFlares":true,"showImageEffects":true,"showParticleSystems":true},"in2DMode":false,"pivot":{"x":-1.506629467010498,"y":-7.955471038818359,"z":42.05547332763672},"rotation":{"x":0.25197482109069826,"y":-0.06527119129896164,"z":0.01702704466879368,"w":0.9653990268707275},"size":20.85304069519043,"orthographic":false}