{"cameraMode":{"drawMode":0,"name":"Shaded","section":"Shading Mode"},"sceneLighting":true,"audioPlay":false,"sceneViewState":{"showFog":true,"showMaterialUpdate":false,"showSkybox":true,"showFlares":true,"showImageEffects":true,"showParticleSystems":true},"in2DMode":false,"pivot":{"x":13.609010696411133,"y":6.541875839233398,"z":-5.252203941345215},"rotation":{"x":-0.02137695625424385,"y":0.5635987520217896,"z":-0.014458425343036652,"w":-0.82574862241745},"size":2.345688819885254,"orthographic":false}